{"MasVnrArea": 2436.770590906488, "1stFlrSF": 1272.318335829523, "Neighborhood_NridgHt": 880.3412823895784, "FullBath": 759.3807751370392, "BsmtQual": 548.6658210637463, "TotalBsmtSF": 504.7148547249321, "HeatingQC": 419.3284683390787, "Foundation_PConc": 326.3231066731481, "FireplaceQu": 255.92351651428507, "TotRmsAbvGrd": 238.13232812937946, "Fireplaces": 149.44196867653824, "YearRemodAdd": 109.09035512347617, "GarageArea": 70.30394810638495, "KitchenQual": 69.02424927497825, "YearBuilt": 67.01239705983916, "OverallQual": 10.431466112799258, "ExterQual": 8.891622595321083, "GrLivArea": 0.5209496696563, "GarageCars": 0.18877952210685253, "GarageFinish": 0.041315116378876186}